Workbook

Sheet Hypotheses
A1: Paramètre | B1: Valeur
A2: Personnes prévues | B2: 5
A3: Personnes effectives | B3: 4
A4: Jours | B4: 11
A5: Heures de journée | B5: 7
A6: Heures du soir approximatives | B6: 2
A7: Brut annuel EUR | B7: 41000
A8: Heures payées annuelles | B8: 1820
A9: Charges employeur hypothèse | B9: 0.42
A10: EUR pour 1 USD, convention | B10: 1
A11: Poste HT EUR | B11: 2000
A12: Durée années | B12: 3
A13: Jours utilisation par an | B13: 220
... A16: Réserve technique | B16: 0.2

Sheet Services
A1: Service | B1: Montant mensuel | C1: Devise | D1: EUR/mois | E1: Périmètre | F1: Source
A2: Vercel Pro | B2: 20 | C2: USD | D2: =B2*IF(C2="USD",Hypotheses!B10,1) | E2: 1 siège déployant, crédit de consommation inclus | F2: https://vercel.com/docs/plans/pro-plan
A3: Supabase Pro | B3: 25 | C3: USD | D3: =B3*IF(C3="USD",Hypotheses!B10,1) | E3: 1 projet Micro, crédit compute déduit | F3: https://supabase.com/pricing
A4: MongoDB Atlas M10 | B4: 58.4 | C4: USD | D4: =B4*IF(C4="USD",Hypotheses!B10,1) | E4: Prix de départ 0,08 USD/h × 730 h, région à confirmer | F4: https://www.mongodb.com/pricing
A5: n8n Cloud Pro | B5: 50 | C5: EUR | D5: =B5*IF(C5="USD",Hypotheses!B10,1) | E5: 10 000 exécutions/mois, facturation annuelle 600 EUR | F5: https://n8n.io/pricing/
A6: SMTP2GO Starter | B6: 10 | C6: USD | D6: =B6*IF(C6="USD",Hypotheses!B10,1) | E6: 10 000 emails/mois, tarif du corps de la page à confirmer à la commande | F6: https://www.smtp2go.com/pricing/
A7: JobsPipe Builder | B7: 49 | C7: USD | D7: =B7*IF(C7="USD",Hypotheses!B10,1) | E7: 25 000 annonces distinctes/mois ; pas 25 000 missions validées | F7: https://jobspipe.dev/pricing
A8: GitHub Team | B8: 16 | C8: USD | D8: =B8*IF(C8="USD",Hypotheses!B10,1) | E8: 4 utilisateurs × 4 USD ; une organisation payante modélisée | F8: https://github.com/pricing
A9: Hébergement Vault Community | B9: 10 | C9: EUR | D9: =B9*IF(C9="USD",Hypotheses!B10,1) | E9: Provision serveur ; architecture cible, aucune migration effectuée
A10: Sauvegardes externes chiffrées | B10: 10 | C10: EUR | D10: =B10*IF(C10="USD",Hypotheses!B10,1) | E10: Provision stockage, transferts à mesurer
A11: Supervision | B11: 15 | C11: EUR | D11: =B11*IF(C11="USD",Hypotheses!B10,1) | E11: Provision outil de surveillance
A12: Domaine | B12: 1.6666667 | C12: EUR | D12: =B12*IF(C12="USD",Hypotheses!B10,1) | E12: Provision renouvellement 20 EUR/an
A13: TOTAL | D13: =SUM(D2:D12)

Sheet Realisation
A1: Indicateur | B1: Valeur
A2: Capacité initiale heures | B2: =Hypotheses!B2*Hypotheses!B4*Hypotheses!B5
A3: Journées heures | B3: =Hypotheses!B3*Hypotheses!B4*Hypotheses!B5
A4: Soirées heures | B4: =Hypotheses!B3*Hypotheses!B4*Hypotheses!B6
A5: Total déclaré heures | B5: =B3+B4
A6: Taux brut horaire | B6: =Hypotheses!B7/Hypotheses!B8
A7: Travail brut | B7: =B5*B6
A8: Achat quatre postes | B8: =Hypotheses!B3*Hypotheses!B11
A9: Amortissement affecté | B9: =B8/Hypotheses!B12/Hypotheses!B13*Hypotheses!B4
A10: Brut + matériel | B10: =B7+B9
A11: Employeur + matériel | B11: =B7*(1+Hypotheses!B9)+B9

Sheet Exploitation
A1: Poste | B1: EUR/mois
A2: Maintenance employeur | B2: =Hypotheses!B7*(1+Hypotheses!B9)/12
A3: Services | B3: =Services!D13
A4: Réserve | B4: =B3*Hypotheses!B16
A5: Amortissement poste | B5: =Hypotheses!B11*Hypotheses!B14/Hypotheses!B12/12
A6: Connexion énergie | B6: =Hypotheses!B15
A7: TOTAL | B7: =SUM(B2:B6)
A8: TOTAL ANNUEL | B8: =B7*12

Sheet Cycles
A1: Validations/mois | B1: EUR/validation | C1: Exécutions n8n illustratives
A2: 100 | B2: =Exploitation!B7/A2 | C2: =(300+8*A2)*1.1
A3: 500 | B3: =Exploitation!B7/A3 | C3: =(300+8*A3)*1.1
A4: 1000 | B4: =Exploitation!B7/A4 | C4: =(300+8*A4)*1.1
