Workbook

Sheet Parametres
A1: Paramètre | B1: Valeur
A2: Coût mensuel | B2: 5265.3022
A3: Établissements payants | B3: 20
A4: Prix par validation | B4: 19
A5: Forfait par établissement | B5: 299
A6: Validations par établissement incluses | B6: 30
A7: Abonnement mixte | B7: 149
A8: Prix variable mixte | B8: 9

Sheet Scenarios
A1: Validations | B1: CA mission | C1: Solde mission | D1: Solde / mission | E1: CA forfait | F1: Solde forfait | G1: Solde / mission | H1: CA mixte | I1: Solde mixte | J1: Solde / mission
A2: 0 | B2: =A2*Parametres!$B$4 | C2: =B2-Parametres!$B$2 | D2: =IF(A2=0,"",C2/A2) | E2: =IF(A2>Parametres!$B$3*Parametres!$B$6,"Hors forfait",Parametres!$B$3*Parametres!$B$5) | F2: =IF(ISNUMBER(E2),E2-Parametres!$B$2,"") | G2: =IF(AND(A2>0,ISNUMBER(F2)),F2/A2,"") | H2: =Parametres!$B$3*Parametres!$B$7+A2*Parametres!$B$8 | I2: =H2-Parametres!$B$2 | J2: =IF(A2=0,"",I2/A2)
A3: 50 | B3: =A3*Parametres!$B$4 | C3: =B3-Parametres!$B$2 | D3: =IF(A3=0,"",C3/A3) | E3: =IF(A3>Parametres!$B$3*Parametres!$B$6,"Hors forfait",Parametres!$B$3*Parametres!$B$5) | F3: =IF(ISNUMBER(E3),E3-Parametres!$B$2,"") | G3: =IF(AND(A3>0,ISNUMBER(F3)),F3/A3,"") | H3: =Parametres!$B$3*Parametres!$B$7+A3*Parametres!$B$8 | I3: =H3-Parametres!$B$2 | J3: =IF(A3=0,"",I3/A3)
A4: 100 | B4: =A4*Parametres!$B$4 | C4: =B4-Parametres!$B$2 | D4: =IF(A4=0,"",C4/A4) | E4: =IF(A4>Parametres!$B$3*Parametres!$B$6,"Hors forfait",Parametres!$B$3*Parametres!$B$5) | F4: =IF(ISNUMBER(E4),E4-Parametres!$B$2,"") | G4: =IF(AND(A4>0,ISNUMBER(F4)),F4/A4,"") | H4: =Parametres!$B$3*Parametres!$B$7+A4*Parametres!$B$8 | I4: =H4-Parametres!$B$2 | J4: =IF(A4=0,"",I4/A4)
A5: 200 | B5: =A5*Parametres!$B$4 | C5: =B5-Parametres!$B$2 | D5: =IF(A5=0,"",C5/A5) | E5: =IF(A5>Parametres!$B$3*Parametres!$B$6,"Hors forfait",Parametres!$B$3*Parametres!$B$5) | F5: =IF(ISNUMBER(E5),E5-Parametres!$B$2,"") | G5: =IF(AND(A5>0,ISNUMBER(F5)),F5/A5,"") | H5: =Parametres!$B$3*Parametres!$B$7+A5*Parametres!$B$8 | I5: =H5-Parametres!$B$2 | J5: =IF(A5=0,"",I5/A5)
A6: 250 | B6: =A6*Parametres!$B$4 | C6: =B6-Parametres!$B$2 | D6: =IF(A6=0,"",C6/A6) | E6: =IF(A6>Parametres!$B$3*Parametres!$B$6,"Hors forfait",Parametres!$B$3*Parametres!$B$5) | F6: =IF(ISNUMBER(E6),E6-Parametres!$B$2,"") | G6: =IF(AND(A6>0,ISNUMBER(F6)),F6/A6,"") | H6: =Parametres!$B$3*Parametres!$B$7+A6*Parametres!$B$8 | I6: =H6-Parametres!$B$2 | J6: =IF(A6=0,"",I6/A6)
A7: 254 | B7: =A7*Parametres!$B$4 | C7: =B7-Parametres!$B$2 | D7: =IF(A7=0,"",C7/A7) | E7: =IF(A7>Parametres!$B$3*Parametres!$B$6,"Hors forfait",Parametres!$B$3*Parametres!$B$5) | F7: =IF(ISNUMBER(E7),E7-Parametres!$B$2,"") | G7: =IF(AND(A7>0,ISNUMBER(F7)),F7/A7,"") | H7: =Parametres!$B$3*Parametres!$B$7+A7*Parametres!$B$8 | I7: =H7-Parametres!$B$2 | J7: =IF(A7=0,"",I7/A7)
A8: 278 | B8: =A8*Parametres!$B$4 | C8: =B8-Parametres!$B$2 | D8: =IF(A8=0,"",C8/A8) | E8: =IF(A8>Parametres!$B$3*Parametres!$B$6,"Hors forfait",Parametres!$B$3*Parametres!$B$5) | F8: =IF(ISNUMBER(E8),E8-Parametres!$B$2,"") | G8: =IF(AND(A8>0,ISNUMBER(F8)),F8/A8,"") | H8: =Parametres!$B$3*Parametres!$B$7+A8*Parametres!$B$8 | I8: =H8-Parametres!$B$2 | J8: =IF(A8=0,"",I8/A8)
A9: 300 | B9: =A9*Parametres!$B$4 | C9: =B9-Parametres!$B$2 | D9: =IF(A9=0,"",C9/A9) | E9: =IF(A9>Parametres!$B$3*Parametres!$B$6,"Hors forfait",Parametres!$B$3*Parametres!$B$5) | F9: =IF(ISNUMBER(E9),E9-Parametres!$B$2,"") | G9: =IF(AND(A9>0,ISNUMBER(F9)),F9/A9,"") | H9: =Parametres!$B$3*Parametres!$B$7+A9*Parametres!$B$8 | I9: =H9-Parametres!$B$2 | J9: =IF(A9=0,"",I9/A9)
A10: 500 | B10: =A10*Parametres!$B$4 | C10: =B10-Parametres!$B$2 | D10: =IF(A10=0,"",C10/A10) | E10: =IF(A10>Parametres!$B$3*Parametres!$B$6,"Hors forfait",Parametres!$B$3*Parametres!$B$5) | F10: =IF(ISNUMBER(E10),E10-Parametres!$B$2,"") | G10: =IF(AND(A10>0,ISNUMBER(F10)),F10/A10,"") | H10: =Parametres!$B$3*Parametres!$B$7+A10*Parametres!$B$8 | I10: =H10-Parametres!$B$2 | J10: =IF(A10=0,"",I10/A10)
A11: 600 | B11: =A11*Parametres!$B$4 | C11: =B11-Parametres!$B$2 | D11: =IF(A11=0,"",C11/A11) | E11: =IF(A11>Parametres!$B$3*Parametres!$B$6,"Hors forfait",Parametres!$B$3*Parametres!$B$5) | F11: =IF(ISNUMBER(E11),E11-Parametres!$B$2,"") | G11: =IF(AND(A11>0,ISNUMBER(F11)),F11/A11,"") | H11: =Parametres!$B$3*Parametres!$B$7+A11*Parametres!$B$8 | I11: =H11-Parametres!$B$2 | J11: =IF(A11=0,"",I11/A11)
A12: 750 | B12: =A12*Parametres!$B$4 | C12: =B12-Parametres!$B$2 | D12: =IF(A12=0,"",C12/A12) | E12: =IF(A12>Parametres!$B$3*Parametres!$B$6,"Hors forfait",Parametres!$B$3*Parametres!$B$5) | F12: =IF(ISNUMBER(E12),E12-Parametres!$B$2,"") | G12: =IF(AND(A12>0,ISNUMBER(F12)),F12/A12,"") | H12: =Parametres!$B$3*Parametres!$B$7+A12*Parametres!$B$8 | I12: =H12-Parametres!$B$2 | J12: =IF(A12=0,"",I12/A12)
A13: 1000 | B13: =A13*Parametres!$B$4 | C13: =B13-Parametres!$B$2 | D13: =IF(A13=0,"",C13/A13) | E13: =IF(A13>Parametres!$B$3*Parametres!$B$6,"Hors forfait",Parametres!$B$3*Parametres!$B$5) | F13: =IF(ISNUMBER(E13),E13-Parametres!$B$2,"") | G13: =IF(AND(A13>0,ISNUMBER(F13)),F13/A13,"") | H13: =Parametres!$B$3*Parametres!$B$7+A13*Parametres!$B$8 | I13: =H13-Parametres!$B$2 | J13: =IF(A13=0,"",I13/A13)
